"Product","Price","Rating","Merchant Store","URL Link"
"Samsung Galaxy M32 8/128GB Garansi Resmi 8 GB 128 GB Hitam Biru","Rp2.642.000","5","Distributor Ponsel","data:image/png;base64,iVBORw0KGgoAAAANSUhEUgAAAHgAAAB4CAQAAACTbf5ZAAAAiklEQVR42u3PMQEAAAwCoNm/9Cr4Cw3IjYmwsLCwsLCwsLCwsLCwsLCwsLCwsLCwsLCwsLCwsLCwsLCwsLCwsLCwsLCwsLCwsLCwsLCwsLCwsLCwsLCwsLCwsLCwsLCwsLCwsLCwsLCwsLCwsLCwsLCwsLCwsLCwsLCwsLCwsLCwsLCwsLCwsHDrASUpAHnJhbktAAAAAElFTkSuQmCC"
"Samsung Galaxy A32 8/128 RAM 8GB 128GB Garansi Resmi Samsung Indonesia","Rp3.373.000","5","Vote VIP","data:image/png;base64,iVBORw0KGgoAAAANSUhEUgAAAHgAAAB4CAQAAACTbf5ZAAAAiklEQVR42u3PMQEAAAwCoNm/9Cr4Cw3IjYmwsLCwsLCwsLCwsLCwsLCwsLCwsLCwsLCwsLCwsLCwsLCwsLCwsLCwsLCwsLCwsLCwsLCwsLCwsLCwsLCwsLCwsLCwsLCwsLCwsLCwsLCwsLCwsLCwsLCwsLCwsLCwsLCwsLCwsLCwsLCwsLCwsHDrASUpAHnJhbktAAAAAElFTkSuQmCC"
"HP realme narzo 30A 4/64GB,Helio G85,6000mAH,18W Quick Charging,AI CAM","Rp1.599.000","5","buaya celluler","data:image/png;base64,iVBORw0KGgoAAAANSUhEUgAAAHgAAAB4CAQAAACTbf5ZAAAAiklEQVR42u3PMQEAAAwCoNm/9Cr4Cw3IjYmwsLCwsLCwsLCwsLCwsLCwsLCwsLCwsLCwsLCwsLCwsLCwsLCwsLCwsLCwsLCwsLCwsLCwsLCwsLCwsLCwsLCwsLCwsLCwsLCwsLCwsLCwsLCwsLCwsLCwsLCwsLCwsLCwsLCwsLCwsLCwsLCwsHDrASUpAHnJhbktAAAAAElFTkSuQmCC"
"IPHONE XR 64 GB FULLSET SECOND ORIGINAL 100% - LIKE NEW","Rp3.800.000","5","AA Store168","data:image/png;base64,iVBORw0KGgoAAAANSUhEUgAAAHgAAAB4CAQAAACTbf5ZAAAAiklEQVR42u3PMQEAAAwCoNm/9Cr4Cw3IjYmwsLCwsLCwsLCwsLCwsLCwsLCwsLCwsLCwsLCwsLCwsLCwsLCwsLCwsLCwsLCwsLCwsLCwsLCwsLCwsLCwsLCwsLCwsLCwsLCwsLCwsLCwsLCwsLCwsLCwsLCwsLCwsLCwsLCwsLCwsLCwsLCwsHDrASUpAHnJhbktAAAAAElFTkSuQmCC"
"Xiaomi Redmi 9C - 3/32GB - GARANSI RESMI PT. XIAOMI INDONESIA","Rp1.500.000","5","Smile Mobile Phone Shop","data:image/png;base64,iVBORw0KGgoAAAANSUhEUgAAAHgAAAB4CAQAAACTbf5ZAAAAiklEQVR42u3PMQEAAAwCoNm/9Cr4Cw3IjYmwsLCwsLCwsLCwsLCwsLCwsLCwsLCwsLCwsLCwsLCwsLCwsLCwsLCwsLCwsLCwsLCwsLCwsLCwsLCwsLCwsLCwsLCwsLCwsLCwsLCwsLCwsLCwsLCwsLCwsLCwsLCwsLCwsLCwsLCwsLCwsLCwsHDrASUpAHnJhbktAAAAAElFTkSuQmCC"
"Xiaomi Redmi Note 10s 8/128 GB - Garansi Resmi Xiaomi Indonesia","Rp2.759.000","5","Universe Store","data:image/png;base64,iVBORw0KGgoAAAANSUhEUgAAAHgAAAB4CAQAAACTbf5ZAAAAiklEQVR42u3PMQEAAAwCoNm/9Cr4Cw3IjYmwsLCwsLCwsLCwsLCwsLCwsLCwsLCwsLCwsLCwsLCwsLCwsLCwsLCwsLCwsLCwsLCwsLCwsLCwsLCwsLCwsLCwsLCwsLCwsLCwsLCwsLCwsLCwsLCwsLCwsLCwsLCwsLCwsLCwsLCwsLCwsLCwsHDrASUpAHnJhbktAAAAAElFTkSuQmCC"
"iPhone 11 (64GB/128GB/256GB)","Rp7.499.000","5","alibabastore.id","data:image/png;base64,iVBORw0KGgoAAAANSUhEUgAAAHgAAAB4CAQAAACTbf5ZAAAAiklEQVR42u3PMQEAAAwCoNm/9Cr4Cw3IjYmwsLCwsLCwsLCwsLCwsLCwsLCwsLCwsLCwsLCwsLCwsLCwsLCwsLCwsLCwsLCwsLCwsLCwsLCwsLCwsLCwsLCwsLCwsLCwsLCwsLCwsLCwsLCwsLCwsLCwsLCwsLCwsLCwsLCwsLCwsLCwsLCwsHDrASUpAHnJhbktAAAAAElFTkSuQmCC"
"iPhone 12 Pro 128GB Second Garansi Apple masih aktif","Rp11.580.000","5","Tara Phone","data:image/png;base64,iVBORw0KGgoAAAANSUhEUgAAAHgAAAB4CAQAAACTbf5ZAAAAiklEQVR42u3PMQEAAAwCoNm/9Cr4Cw3IjYmwsLCwsLCwsLCwsLCwsLCwsLCwsLCwsLCwsLCwsLCwsLCwsLCwsLCwsLCwsLCwsLCwsLCwsLCwsLCwsLCwsLCwsLCwsLCwsLCwsLCwsLCwsLCwsLCwsLCwsLCwsLCwsLCwsLCwsLCwsLCwsLCwsHDrASUpAHnJhbktAAAAAElFTkSuQmCC"
"iphone 8 64gb 256gb second fullset ex inter","Rp2.696.000","5","Apple_shop","data:image/png;base64,iVBORw0KGgoAAAANSUhEUgAAAHgAAAB4CAQAAACTbf5ZAAAAiklEQVR42u3PMQEAAAwCoNm/9Cr4Cw3IjYmwsLCwsLCwsLCwsLCwsLCwsLCwsLCwsLCwsLCwsLCwsLCwsLCwsLCwsLCwsLCwsLCwsLCwsLCwsLCwsLCwsLCwsLCwsLCwsLCwsLCwsLCwsLCwsLCwsLCwsLCwsLCwsLCwsLCwsLCwsLCwsLCwsHDrASUpAHnJhbktAAAAAElFTkSuQmCC"
"iphone 8 64gb 256gb second fullset ex inter","Rp2.696.000","5","Apple_shop","data:image/png;base64,iVBORw0KGgoAAAANSUhEUgAAAHgAAAB4CAQAAACTbf5ZAAAAiklEQVR42u3PMQEAAAwCoNm/9Cr4Cw3IjYmwsLCwsLCwsLCwsLCwsLCwsLCwsLCwsLCwsLCwsLCwsLCwsLCwsLCwsLCwsLCwsLCwsLCwsLCwsLCwsLCwsLCwsLCwsLCwsLCwsLCwsLCwsLCwsLCwsLCwsLCwsLCwsLCwsLCwsLCwsLCwsLCwsHDrASUpAHnJhbktAAAAAElFTkSuQmCC"
"Handphone second murah Samsung Galaxy V / G313H","Rp175.000","5","Obral HP second","data:image/png;base64,iVBORw0KGgoAAAANSUhEUgAAAHgAAAB4CAQAAACTbf5ZAAAAiklEQVR42u3PMQEAAAwCoNm/9Cr4Cw3IjYmwsLCwsLCwsLCwsLCwsLCwsLCwsLCwsLCwsLCwsLCwsLCwsLCwsLCwsLCwsLCwsLCwsLCwsLCwsLCwsLCwsLCwsLCwsLCwsLCwsLCwsLCwsLCwsLCwsLCwsLCwsLCwsLCwsLCwsLCwsLCwsLCwsHDrASUpAHnJhbktAAAAAElFTkSuQmCC"
"iPhone 11 Pro 256 GB Second Original","Rp8.120.000","5","MK Celullar Medan","data:image/png;base64,iVBORw0KGgoAAAANSUhEUgAAAHgAAAB4CAQAAACTbf5ZAAAAiklEQVR42u3PMQEAAAwCoNm/9Cr4Cw3IjYmwsLCwsLCwsLCwsLCwsLCwsLCwsLCwsLCwsLCwsLCwsLCwsLCwsLCwsLCwsLCwsLCwsLCwsLCwsLCwsLCwsLCwsLCwsLCwsLCwsLCwsLCwsLCwsLCwsLCwsLCwsLCwsLCwsLCwsLCwsLCwsLCwsHDrASUpAHnJhbktAAAAAElFTkSuQmCC"
"EVERCOSS M6A RAM 4/32GB GARANSI RESMI EVERCROSS TERMURAH","Rp985.100","5","Hapemall.id","data:image/png;base64,iVBORw0KGgoAAAANSUhEUgAAAHgAAAB4CAQAAACTbf5ZAAAAiklEQVR42u3PMQEAAAwCoNm/9Cr4Cw3IjYmwsLCwsLCwsLCwsLCwsLCwsLCwsLCwsLCwsLCwsLCwsLCwsLCwsLCwsLCwsLCwsLCwsLCwsLCwsLCwsLCwsLCwsLCwsLCwsLCwsLCwsLCwsLCwsLCwsLCwsLCwsLCwsLCwsLCwsLCwsLCwsLCwsHDrASUpAHnJhbktAAAAAElFTkSuQmCC"
"Xiaomi BlackShark 4 Pro 5G 512GB 256GB 128GB Original IMEI AMAN","Rp9.225.000","5","Studio Ponsel","data:image/png;base64,iVBORw0KGgoAAAANSUhEUgAAAHgAAAB4CAQAAACTbf5ZAAAAiklEQVR42u3PMQEAAAwCoNm/9Cr4Cw3IjYmwsLCwsLCwsLCwsLCwsLCwsLCwsLCwsLCwsLCwsLCwsLCwsLCwsLCwsLCwsLCwsLCwsLCwsLCwsLCwsLCwsLCwsLCwsLCwsLCwsLCwsLCwsLCwsLCwsLCwsLCwsLCwsLCwsLCwsLCwsLCwsLCwsHDrASUpAHnJhbktAAAAAElFTkSuQmCC"
"SAMSUNG A32 6/128GB GARANSI RESMI SEIN","Rp3.380.000","5","kenishia seluler","data:image/png;base64,iVBORw0KGgoAAAANSUhEUgAAAHgAAAB4CAQAAACTbf5ZAAAAiklEQVR42u3PMQEAAAwCoNm/9Cr4Cw3IjYmwsLCwsLCwsLCwsLCwsLCwsLCwsLCwsLCwsLCwsLCwsLCwsLCwsLCwsLCwsLCwsLCwsLCwsLCwsLCwsLCwsLCwsLCwsLCwsLCwsLCwsLCwsLCwsLCwsLCwsLCwsLCwsLCwsLCwsLCwsLCwsLCwsHDrASUpAHnJhbktAAAAAElFTkSuQmCC"
"Samsung V Plus SEIN Garansi Resmi","Rp399.000","5","Laku8pedia","data:image/png;base64,iVBORw0KGgoAAAANSUhEUgAAAHgAAAB4CAQAAACTbf5ZAAAAiklEQVR42u3PMQEAAAwCoNm/9Cr4Cw3IjYmwsLCwsLCwsLCwsLCwsLCwsLCwsLCwsLCwsLCwsLCwsLCwsLCwsLCwsLCwsLCwsLCwsLCwsLCwsLCwsLCwsLCwsLCwsLCwsLCwsLCwsLCwsLCwsLCwsLCwsLCwsLCwsLCwsLCwsLCwsLCwsLCwsHDrASUpAHnJhbktAAAAAElFTkSuQmCC"
"OPPO RENO 6 4G RAM 8/128GB GARANSI RESMI","Rp3.148.999","5","Exito Store10","data:image/png;base64,iVBORw0KGgoAAAANSUhEUgAAAHgAAAB4CAQAAACTbf5ZAAAAiklEQVR42u3PMQEAAAwCoNm/9Cr4Cw3IjYmwsLCwsLCwsLCwsLCwsLCwsLCwsLCwsLCwsLCwsLCwsLCwsLCwsLCwsLCwsLCwsLCwsLCwsLCwsLCwsLCwsLCwsLCwsLCwsLCwsLCwsLCwsLCwsLCwsLCwsLCwsLCwsLCwsLCwsLCwsLCwsLCwsHDrASUpAHnJhbktAAAAAElFTkSuQmCC"
"Samsung Galaxy S8 SEIN Fullset","Rp2.550.000","5","Tokoacoy","data:image/png;base64,iVBORw0KGgoAAAANSUhEUgAAAHgAAAB4CAQAAACTbf5ZAAAAiklEQVR42u3PMQEAAAwCoNm/9Cr4Cw3IjYmwsLCwsLCwsLCwsLCwsLCwsLCwsLCwsLCwsLCwsLCwsLCwsLCwsLCwsLCwsLCwsLCwsLCwsLCwsLCwsLCwsLCwsLCwsLCwsLCwsLCwsLCwsLCwsLCwsLCwsLCwsLCwsLCwsLCwsLCwsLCwsLCwsHDrASUpAHnJhbktAAAAAElFTkSuQmCC"
"Garansi iBOX iPhone 11 256GB 128GB 64GB IMEI Terdaftar RESMI TAM","Rp7.439.000","5","Tech Studio Indonesia","data:image/png;base64,iVBORw0KGgoAAAANSUhEUgAAAHgAAAB4CAQAAACTbf5ZAAAAiklEQVR42u3PMQEAAAwCoNm/9Cr4Cw3IjYmwsLCwsLCwsLCwsLCwsLCwsLCwsLCwsLCwsLCwsLCwsLCwsLCwsLCwsLCwsLCwsLCwsLCwsLCwsLCwsLCwsLCwsLCwsLCwsLCwsLCwsLCwsLCwsLCwsLCwsLCwsLCwsLCwsLCwsLCwsLCwsLCwsHDrASUpAHnJhbktAAAAAElFTkSuQmCC"
"IPhone XR 128 GB - FULLSET - 128GB - APPLE - COD Semarang","Rp4.550.000","5","BStore_semarang","data:image/png;base64,iVBORw0KGgoAAAANSUhEUgAAAHgAAAB4CAQAAACTbf5ZAAAAiklEQVR42u3PMQEAAAwCoNm/9Cr4Cw3IjYmwsLCwsLCwsLCwsLCwsLCwsLCwsLCwsLCwsLCwsLCwsLCwsLCwsLCwsLCwsLCwsLCwsLCwsLCwsLCwsLCwsLCwsLCwsLCwsLCwsLCwsLCwsLCwsLCwsLCwsLCwsLCwsLCwsLCwsLCwsLCwsLCwsHDrASUpAHnJhbktAAAAAElFTkSuQmCC"
"Samsung Galaxy S8 Plus SEIN","Rp2.750.000","5","Tokoacoy","data:image/png;base64,iVBORw0KGgoAAAANSUhEUgAAAHgAAAB4CAQAAACTbf5ZAAAAiklEQVR42u3PMQEAAAwCoNm/9Cr4Cw3IjYmwsLCwsLCwsLCwsLCwsLCwsLCwsLCwsLCwsLCwsLCwsLCwsLCwsLCwsLCwsLCwsLCwsLCwsLCwsLCwsLCwsLCwsLCwsLCwsLCwsLCwsLCwsLCwsLCwsLCwsLCwsLCwsLCwsLCwsLCwsLCwsLCwsHDrASUpAHnJhbktAAAAAElFTkSuQmCC"
"iPhone 11 | 64GB | 128GB Black - Garansi Ibox 1th","Rp7.499.000","5","Gadget Point Store","data:image/png;base64,iVBORw0KGgoAAAANSUhEUgAAAHgAAAB4CAQAAACTbf5ZAAAAiklEQVR42u3PMQEAAAwCoNm/9Cr4Cw3IjYmwsLCwsLCwsLCwsLCwsLCwsLCwsLCwsLCwsLCwsLCwsLCwsLCwsLCwsLCwsLCwsLCwsLCwsLCwsLCwsLCwsLCwsLCwsLCwsLCwsLCwsLCwsLCwsLCwsLCwsLCwsLCwsLCwsLCwsLCwsLCwsLCwsHDrASUpAHnJhbktAAAAAElFTkSuQmCC"
"Samsung S3600 Original HP Handphone Samsung Lipat Flip S3600 New","Rp510.000","5","Al 27 Store.id","data:image/png;base64,iVBORw0KGgoAAAANSUhEUgAAAHgAAAB4CAQAAACTbf5ZAAAAiklEQVR42u3PMQEAAAwCoNm/9Cr4Cw3IjYmwsLCwsLCwsLCwsLCwsLCwsLCwsLCwsLCwsLCwsLCwsLCwsLCwsLCwsLCwsLCwsLCwsLCwsLCwsLCwsLCwsLCwsLCwsLCwsLCwsLCwsLCwsLCwsLCwsLCwsLCwsLCwsLCwsLCwsLCwsLCwsLCwsHDrASUpAHnJhbktAAAAAElFTkSuQmCC"
"XIAOMI REDMI 9C 4/64 GB GARANSI RESMI","Rp1.685.000","5","Sc_digital","data:image/png;base64,iVBORw0KGgoAAAANSUhEUgAAAHgAAAB4CAQAAACTbf5ZAAAAiklEQVR42u3PMQEAAAwCoNm/9Cr4Cw3IjYmwsLCwsLCwsLCwsLCwsLCwsLCwsLCwsLCwsLCwsLCwsLCwsLCwsLCwsLCwsLCwsLCwsLCwsLCwsLCwsLCwsLCwsLCwsLCwsLCwsLCwsLCwsLCwsLCwsLCwsLCwsLCwsLCwsLCwsLCwsLCwsLCwsHDrASUpAHnJhbktAAAAAElFTkSuQmCC"
"OPPO A12 RAM 4/64 GB GARANSI RESMI OPPO INDONESIA","Rp1.299.000","5","HERO PONSEL.","data:image/png;base64,iVBORw0KGgoAAAANSUhEUgAAAHgAAAB4CAQAAACTbf5ZAAAAiklEQVR42u3PMQEAAAwCoNm/9Cr4Cw3IjYmwsLCwsLCwsLCwsLCwsLCwsLCwsLCwsLCwsLCwsLCwsLCwsLCwsLCwsLCwsLCwsLCwsLCwsLCwsLCwsLCwsLCwsLCwsLCwsLCwsLCwsLCwsLCwsLCwsLCwsLCwsLCwsLCwsLCwsLCwsLCwsLCwsHDrASUpAHnJhbktAAAAAElFTkSuQmCC"
"Oppo A9 2020 8/128 GB Ex Resmi Vivo Indonesia Second Bekas Seken Ori","Rp1.890.000","5","VstoreINDO","data:image/png;base64,iVBORw0KGgoAAAANSUhEUgAAAHgAAAB4CAQAAACTbf5ZAAAAiklEQVR42u3PMQEAAAwCoNm/9Cr4Cw3IjYmwsLCwsLCwsLCwsLCwsLCwsLCwsLCwsLCwsLCwsLCwsLCwsLCwsLCwsLCwsLCwsLCwsLCwsLCwsLCwsLCwsLCwsLCwsLCwsLCwsLCwsLCwsLCwsLCwsLCwsLCwsLCwsLCwsLCwsLCwsLCwsLCwsHDrASUpAHnJhbktAAAAAElFTkSuQmCC"
"[RESMI SEIN] Samsung Note 20 Ultra | Note 20 Bronze Black Green Grey","Rp9.370.000","5","Tech Studio Indonesia","data:image/png;base64,iVBORw0KGgoAAAANSUhEUgAAAHgAAAB4CAQAAACTbf5ZAAAAiklEQVR42u3PMQEAAAwCoNm/9Cr4Cw3IjYmwsLCwsLCwsLCwsLCwsLCwsLCwsLCwsLCwsLCwsLCwsLCwsLCwsLCwsLCwsLCwsLCwsLCwsLCwsLCwsLCwsLCwsLCwsLCwsLCwsLCwsLCwsLCwsLCwsLCwsLCwsLCwsLCwsLCwsLCwsLCwsLCwsHDrASUpAHnJhbktAAAAAElFTkSuQmCC"
"VIVO Y20 RAM 3/64 GARANSI RESMI VIVO INDONESIA","Rp1.449.000","5","Gadget Shop888","data:image/png;base64,iVBORw0KGgoAAAANSUhEUgAAAHgAAAB4CAQAAACTbf5ZAAAAiklEQVR42u3PMQEAAAwCoNm/9Cr4Cw3IjYmwsLCwsLCwsLCwsLCwsLCwsLCwsLCwsLCwsLCwsLCwsLCwsLCwsLCwsLCwsLCwsLCwsLCwsLCwsLCwsLCwsLCwsLCwsLCwsLCwsLCwsLCwsLCwsLCwsLCwsLCwsLCwsLCwsLCwsLCwsLCwsLCwsHDrASUpAHnJhbktAAAAAElFTkSuQmCC"
"OPPO A54 6/128GB RAM 6GB INTERNAL 128GB GARANSI RESMI IMEI TERDAFTAR","Rp2.699.000","5","Blanja_Gadget","data:image/png;base64,iVBORw0KGgoAAAANSUhEUgAAAHgAAAB4CAQAAACTbf5ZAAAAiklEQVR42u3PMQEAAAwCoNm/9Cr4Cw3IjYmwsLCwsLCwsLCwsLCwsLCwsLCwsLCwsLCwsLCwsLCwsLCwsLCwsLCwsLCwsLCwsLCwsLCwsLCwsLCwsLCwsLCwsLCwsLCwsLCwsLCwsLCwsLCwsLCwsLCwsLCwsLCwsLCwsLCwsLCwsLCwsLCwsHDrASUpAHnJhbktAAAAAElFTkSuQmCC"
"Google Pixel 2 XL 128GB - Fullset - 128 GB - RAM 4 - 4GB - COD Jakarta","Rp1.650.000","5","bstore_jakarta","data:image/png;base64,iVBORw0KGgoAAAANSUhEUgAAAHgAAAB4CAQAAACTbf5ZAAAAiklEQVR42u3PMQEAAAwCoNm/9Cr4Cw3IjYmwsLCwsLCwsLCwsLCwsLCwsLCwsLCwsLCwsLCwsLCwsLCwsLCwsLCwsLCwsLCwsLCwsLCwsLCwsLCwsLCwsLCwsLCwsLCwsLCwsLCwsLCwsLCwsLCwsLCwsLCwsLCwsLCwsLCwsLCwsLCwsLCwsHDrASUpAHnJhbktAAAAAElFTkSuQmCC"
"xiaomi redmi note 10s 6/64","Rp2.375.000","5","IMPERIALPHONE","data:image/png;base64,iVBORw0KGgoAAAANSUhEUgAAAHgAAAB4CAQAAACTbf5ZAAAAiklEQVR42u3PMQEAAAwCoNm/9Cr4Cw3IjYmwsLCwsLCwsLCwsLCwsLCwsLCwsLCwsLCwsLCwsLCwsLCwsLCwsLCwsLCwsLCwsLCwsLCwsLCwsLCwsLCwsLCwsLCwsLCwsLCwsLCwsLCwsLCwsLCwsLCwsLCwsLCwsLCwsLCwsLCwsLCwsLCwsHDrASUpAHnJhbktAAAAAElFTkSuQmCC"
"ONEPLUS 9 PRO 12GB / 256GB - NEW GLOBAL VERSION ONE PLUS RESMI","Rp7.999.000","5","tokohapedia","data:image/png;base64,iVBORw0KGgoAAAANSUhEUgAAAHgAAAB4CAQAAACTbf5ZAAAAiklEQVR42u3PMQEAAAwCoNm/9Cr4Cw3IjYmwsLCwsLCwsLCwsLCwsLCwsLCwsLCwsLCwsLCwsLCwsLCwsLCwsLCwsLCwsLCwsLCwsLCwsLCwsLCwsLCwsLCwsLCwsLCwsLCwsLCwsLCwsLCwsLCwsLCwsLCwsLCwsLCwsLCwsLCwsLCwsLCwsHDrASUpAHnJhbktAAAAAElFTkSuQmCC"
"iphone XS Max 64Gb 256Gb Bekas Second Like New Fullset Bergaransi","Rp5.399.000","5","BetterSecond","data:image/png;base64,iVBORw0KGgoAAAANSUhEUgAAAHgAAAB4CAQAAACTbf5ZAAAAiklEQVR42u3PMQEAAAwCoNm/9Cr4Cw3IjYmwsLCwsLCwsLCwsLCwsLCwsLCwsLCwsLCwsLCwsLCwsLCwsLCwsLCwsLCwsLCwsLCwsLCwsLCwsLCwsLCwsLCwsLCwsLCwsLCwsLCwsLCwsLCwsLCwsLCwsLCwsLCwsLCwsLCwsLCwsLCwsLCwsHDrASUpAHnJhbktAAAAAElFTkSuQmCC"
"Asus Zenfone Max Pro M2 Ram 6/64gb","Rp1.925.000","5","Wawai Cellular","data:image/png;base64,iVBORw0KGgoAAAANSUhEUgAAAHgAAAB4CAQAAACTbf5ZAAAAiklEQVR42u3PMQEAAAwCoNm/9Cr4Cw3IjYmwsLCwsLCwsLCwsLCwsLCwsLCwsLCwsLCwsLCwsLCwsLCwsLCwsLCwsLCwsLCwsLCwsLCwsLCwsLCwsLCwsLCwsLCwsLCwsLCwsLCwsLCwsLCwsLCwsLCwsLCwsLCwsLCwsLCwsLCwsLCwsLCwsHDrASUpAHnJhbktAAAAAElFTkSuQmCC"
"OPPO RENO 6 RENO6 - 8GB 128GB 8/128 - GARANSI RESMI","Rp4.199.900","5","Shopyz ID","data:image/png;base64,iVBORw0KGgoAAAANSUhEUgAAAHgAAAB4CAQAAACTbf5ZAAAAiklEQVR42u3PMQEAAAwCoNm/9Cr4Cw3IjYmwsLCwsLCwsLCwsLCwsLCwsLCwsLCwsLCwsLCwsLCwsLCwsLCwsLCwsLCwsLCwsLCwsLCwsLCwsLCwsLCwsLCwsLCwsLCwsLCwsLCwsLCwsLCwsLCwsLCwsLCwsLCwsLCwsLCwsLCwsLCwsLCwsHDrASUpAHnJhbktAAAAAElFTkSuQmCC"
"redmi 9a garansi resmi ram 3/32","Rp1.340.000","5","toko rachel ve","data:image/png;base64,iVBORw0KGgoAAAANSUhEUgAAAHgAAAB4CAQAAACTbf5ZAAAAiklEQVR42u3PMQEAAAwCoNm/9Cr4Cw3IjYmwsLCwsLCwsLCwsLCwsLCwsLCwsLCwsLCwsLCwsLCwsLCwsLCwsLCwsLCwsLCwsLCwsLCwsLCwsLCwsLCwsLCwsLCwsLCwsLCwsLCwsLCwsLCwsLCwsLCwsLCwsLCwsLCwsLCwsLCwsLCwsLCwsHDrASUpAHnJhbktAAAAAElFTkSuQmCC"
"iPhone 12 , 12 Mini , 12 Pro , 12 Pro Max iBox Resmi","Rp10.999.000","5","kokostore1412","data:image/png;base64,iVBORw0KGgoAAAANSUhEUgAAAHgAAAB4CAQAAACTbf5ZAAAAiklEQVR42u3PMQEAAAwCoNm/9Cr4Cw3IjYmwsLCwsLCwsLCwsLCwsLCwsLCwsLCwsLCwsLCwsLCwsLCwsLCwsLCwsLCwsLCwsLCwsLCwsLCwsLCwsLCwsLCwsLCwsLCwsLCwsLCwsLCwsLCwsLCwsLCwsLCwsLCwsLCwsLCwsLCwsLCwsLCwsHDrASUpAHnJhbktAAAAAElFTkSuQmCC"
"iPhone XR 128gb second Original Javastore","Rp4.872.000","5","java.store","data:image/png;base64,iVBORw0KGgoAAAANSUhEUgAAAHgAAAB4CAQAAACTbf5ZAAAAiklEQVR42u3PMQEAAAwCoNm/9Cr4Cw3IjYmwsLCwsLCwsLCwsLCwsLCwsLCwsLCwsLCwsLCwsLCwsLCwsLCwsLCwsLCwsLCwsLCwsLCwsLCwsLCwsLCwsLCwsLCwsLCwsLCwsLCwsLCwsLCwsLCwsLCwsLCwsLCwsLCwsLCwsLCwsLCwsLCwsHDrASUpAHnJhbktAAAAAElFTkSuQmCC"
"BRANDCODE B88 BANANA B 88 NOKIA PISANG","Rp299.000","5","Laku9","data:image/png;base64,iVBORw0KGgoAAAANSUhEUgAAAHgAAAB4CAQAAACTbf5ZAAAAiklEQVR42u3PMQEAAAwCoNm/9Cr4Cw3IjYmwsLCwsLCwsLCwsLCwsLCwsLCwsLCwsLCwsLCwsLCwsLCwsLCwsLCwsLCwsLCwsLCwsLCwsLCwsLCwsLCwsLCwsLCwsLCwsLCwsLCwsLCwsLCwsLCwsLCwsLCwsLCwsLCwsLCwsLCwsLCwsLCwsHDrASUpAHnJhbktAAAAAElFTkSuQmCC"
"iphone xr 128gb","Rp4.300.000","5","BI PHONE SHOP","data:image/png;base64,iVBORw0KGgoAAAANSUhEUgAAAHgAAAB4CAQAAACTbf5ZAAAAiklEQVR42u3PMQEAAAwCoNm/9Cr4Cw3IjYmwsLCwsLCwsLCwsLCwsLCwsLCwsLCwsLCwsLCwsLCwsLCwsLCwsLCwsLCwsLCwsLCwsLCwsLCwsLCwsLCwsLCwsLCwsLCwsLCwsLCwsLCwsLCwsLCwsLCwsLCwsLCwsLCwsLCwsLCwsLCwsLCwsHDrASUpAHnJhbktAAAAAElFTkSuQmCC"
"Iphone 12 likenew seken","Rp8.128.000","5","apple solution bekasi","data:image/png;base64,iVBORw0KGgoAAAANSUhEUgAAAHgAAAB4CAQAAACTbf5ZAAAAiklEQVR42u3PMQEAAAwCoNm/9Cr4Cw3IjYmwsLCwsLCwsLCwsLCwsLCwsLCwsLCwsLCwsLCwsLCwsLCwsLCwsLCwsLCwsLCwsLCwsLCwsLCwsLCwsLCwsLCwsLCwsLCwsLCwsLCwsLCwsLCwsLCwsLCwsLCwsLCwsLCwsLCwsLCwsLCwsLCwsHDrASUpAHnJhbktAAAAAElFTkSuQmCC"
"SAMSUNG GALAXY A71 NEW GARANSI RESMI SEIN","Rp4.300.000","5","Bintang_cell222","data:image/png;base64,iVBORw0KGgoAAAANSUhEUgAAAHgAAAB4CAQAAACTbf5ZAAAAiklEQVR42u3PMQEAAAwCoNm/9Cr4Cw3IjYmwsLCwsLCwsLCwsLCwsLCwsLCwsLCwsLCwsLCwsLCwsLCwsLCwsLCwsLCwsLCwsLCwsLCwsLCwsLCwsLCwsLCwsLCwsLCwsLCwsLCwsLCwsLCwsLCwsLCwsLCwsLCwsLCwsLCwsLCwsLCwsLCwsHDrASUpAHnJhbktAAAAAElFTkSuQmCC"
"SAMSUNG B310 PHYTON DUAL SIM","Rp179.000","5","beautylife26","data:image/png;base64,iVBORw0KGgoAAAANSUhEUgAAAHgAAAB4CAQAAACTbf5ZAAAAiklEQVR42u3PMQEAAAwCoNm/9Cr4Cw3IjYmwsLCwsLCwsLCwsLCwsLCwsLCwsLCwsLCwsLCwsLCwsLCwsLCwsLCwsLCwsLCwsLCwsLCwsLCwsLCwsLCwsLCwsLCwsLCwsLCwsLCwsLCwsLCwsLCwsLCwsLCwsLCwsLCwsLCwsLCwsLCwsLCwsHDrASUpAHnJhbktAAAAAElFTkSuQmCC"
"SONY XPERIA Z1 COMPACT","Rp550.000","5","Cenkakui","data:image/png;base64,iVBORw0KGgoAAAANSUhEUgAAAHgAAAB4CAQAAACTbf5ZAAAAiklEQVR42u3PMQEAAAwCoNm/9Cr4Cw3IjYmwsLCwsLCwsLCwsLCwsLCwsLCwsLCwsLCwsLCwsLCwsLCwsLCwsLCwsLCwsLCwsLCwsLCwsLCwsLCwsLCwsLCwsLCwsLCwsLCwsLCwsLCwsLCwsLCwsLCwsLCwsLCwsLCwsLCwsLCwsLCwsLCwsHDrASUpAHnJhbktAAAAAElFTkSuQmCC"
"iPhone 11 PRO MAX 64 GB - FULLSET - Apple - 4 GB - COD Surabaya","Rp8.600.000","5","Bstore_sby","data:image/png;base64,iVBORw0KGgoAAAANSUhEUgAAAHgAAAB4CAQAAACTbf5ZAAAAiklEQVR42u3PMQEAAAwCoNm/9Cr4Cw3IjYmwsLCwsLCwsLCwsLCwsLCwsLCwsLCwsLCwsLCwsLCwsLCwsLCwsLCwsLCwsLCwsLCwsLCwsLCwsLCwsLCwsLCwsLCwsLCwsLCwsLCwsLCwsLCwsLCwsLCwsLCwsLCwsLCwsLCwsLCwsLCwsLCwsHDrASUpAHnJhbktAAAAAElFTkSuQmCC"
"IPHONE 12 64GB/128GB/256GB SINGLE/DUALNANO IBOX/INTER","Rp8.932.000","5","Tokomope","data:image/png;base64,iVBORw0KGgoAAAANSUhEUgAAAHgAAAB4CAQAAACTbf5ZAAAAiklEQVR42u3PMQEAAAwCoNm/9Cr4Cw3IjYmwsLCwsLCwsLCwsLCwsLCwsLCwsLCwsLCwsLCwsLCwsLCwsLCwsLCwsLCwsLCwsLCwsLCwsLCwsLCwsLCwsLCwsLCwsLCwsLCwsLCwsLCwsLCwsLCwsLCwsLCwsLCwsLCwsLCwsLCwsLCwsLCwsHDrASUpAHnJhbktAAAAAElFTkSuQmCC"
"SAMSUNG GALAXY M12 SM-M127F/DS 3/32GB 6,5 INCH GARANSI RESMI","Rp1.649.000","5","Andalas Cellular Bpn","data:image/png;base64,iVBORw0KGgoAAAANSUhEUgAAAHgAAAB4CAQAAACTbf5ZAAAAiklEQVR42u3PMQEAAAwCoNm/9Cr4Cw3IjYmwsLCwsLCwsLCwsLCwsLCwsLCwsLCwsLCwsLCwsLCwsLCwsLCwsLCwsLCwsLCwsLCwsLCwsLCwsLCwsLCwsLCwsLCwsLCwsLCwsLCwsLCwsLCwsLCwsLCwsLCwsLCwsLCwsLCwsLCwsLCwsLCwsHDrASUpAHnJhbktAAAAAElFTkSuQmCC"
"XIAOMI REDMI 4X 2/16 GB - 3/32 GB - 4/64 GB","Rp809.000","5","Goldenncell","data:image/png;base64,iVBORw0KGgoAAAANSUhEUgAAAHgAAAB4CAQAAACTbf5ZAAAAiklEQVR42u3PMQEAAAwCoNm/9Cr4Cw3IjYmwsLCwsLCwsLCwsLCwsLCwsLCwsLCwsLCwsLCwsLCwsLCwsLCwsLCwsLCwsLCwsLCwsLCwsLCwsLCwsLCwsLCwsLCwsLCwsLCwsLCwsLCwsLCwsLCwsLCwsLCwsLCwsLCwsLCwsLCwsLCwsLCwsHDrASUpAHnJhbktAAAAAElFTkSuQmCC"
"Redmi 9c Garansi Resmi","Rp1.655.000","5","RR cell Reborn","data:image/png;base64,iVBORw0KGgoAAAANSUhEUgAAAHgAAAB4CAQAAACTbf5ZAAAAiklEQVR42u3PMQEAAAwCoNm/9Cr4Cw3IjYmwsLCwsLCwsLCwsLCwsLCwsLCwsLCwsLCwsLCwsLCwsLCwsLCwsLCwsLCwsLCwsLCwsLCwsLCwsLCwsLCwsLCwsLCwsLCwsLCwsLCwsLCwsLCwsLCwsLCwsLCwsLCwsLCwsLCwsLCwsLCwsLCwsHDrASUpAHnJhbktAAAAAElFTkSuQmCC"
"hp infinix Hot 9 play 2/32GB fullset mulus net","Rp1.050.000","5","pho pho cell","data:image/png;base64,iVBORw0KGgoAAAANSUhEUgAAAHgAAAB4CAQAAACTbf5ZAAAAiklEQVR42u3PMQEAAAwCoNm/9Cr4Cw3IjYmwsLCwsLCwsLCwsLCwsLCwsLCwsLCwsLCwsLCwsLCwsLCwsLCwsLCwsLCwsLCwsLCwsLCwsLCwsLCwsLCwsLCwsLCwsLCwsLCwsLCwsLCwsLCwsLCwsLCwsLCwsLCwsLCwsLCwsLCwsLCwsLCwsHDrASUpAHnJhbktAAAAAElFTkSuQmCC"
"Sony Xperia 1 Secound RAM 6/64GB All operator","Rp2.150.000","5","Five star cellular","data:image/png;base64,iVBORw0KGgoAAAANSUhEUgAAAHgAAAB4CAQAAACTbf5ZAAAAiklEQVR42u3PMQEAAAwCoNm/9Cr4Cw3IjYmwsLCwsLCwsLCwsLCwsLCwsLCwsLCwsLCwsLCwsLCwsLCwsLCwsLCwsLCwsLCwsLCwsLCwsLCwsLCwsLCwsLCwsLCwsLCwsLCwsLCwsLCwsLCwsLCwsLCwsLCwsLCwsLCwsLCwsLCwsLCwsLCwsHDrASUpAHnJhbktAAAAAElFTkSuQmCC"
"Xiaomi Poco M3 Pro 5G 4/64 RAM 4GB ROM 64GB Garansi Resmi Indonesia","Rp2.378.000","5","SFONE OMNI STORE","data:image/png;base64,iVBORw0KGgoAAAANSUhEUgAAAHgAAAB4CAQAAACTbf5ZAAAAiklEQVR42u3PMQEAAAwCoNm/9Cr4Cw3IjYmwsLCwsLCwsLCwsLCwsLCwsLCwsLCwsLCwsLCwsLCwsLCwsLCwsLCwsLCwsLCwsLCwsLCwsLCwsLCwsLCwsLCwsLCwsLCwsLCwsLCwsLCwsLCwsLCwsLCwsLCwsLCwsLCwsLCwsLCwsLCwsLCwsHDrASUpAHnJhbktAAAAAElFTkSuQmCC"
"OPPO RENO 6 RAM 8/128 [RENO6 8/128 GB] GARANSI RESMI","Rp3.985.000","5","WAHANA ACCESSORIES","data:image/png;base64,iVBORw0KGgoAAAANSUhEUgAAAHgAAAB4CAQAAACTbf5ZAAAAiklEQVR42u3PMQEAAAwCoNm/9Cr4Cw3IjYmwsLCwsLCwsLCwsLCwsLCwsLCwsLCwsLCwsLCwsLCwsLCwsLCwsLCwsLCwsLCwsLCwsLCwsLCwsLCwsLCwsLCwsLCwsLCwsLCwsLCwsLCwsLCwsLCwsLCwsLCwsLCwsLCwsLCwsLCwsLCwsLCwsHDrASUpAHnJhbktAAAAAElFTkSuQmCC"
"IPhone 8 Plus 256 GB - Fullset - Apple - COD Surabaya","Rp3.900.000","5","Bstore_sby","data:image/png;base64,iVBORw0KGgoAAAANSUhEUgAAAHgAAAB4CAQAAACTbf5ZAAAAiklEQVR42u3PMQEAAAwCoNm/9Cr4Cw3IjYmwsLCwsLCwsLCwsLCwsLCwsLCwsLCwsLCwsLCwsLCwsLCwsLCwsLCwsLCwsLCwsLCwsLCwsLCwsLCwsLCwsLCwsLCwsLCwsLCwsLCwsLCwsLCwsLCwsLCwsLCwsLCwsLCwsLCwsLCwsLCwsLCwsHDrASUpAHnJhbktAAAAAElFTkSuQmCC"
"iPhone 11 Pro Max 256GB Ex Internasional Original Fullset","Rp9.820.800","5","iMart Medan","data:image/png;base64,iVBORw0KGgoAAAANSUhEUgAAAHgAAAB4CAQAAACTbf5ZAAAAiklEQVR42u3PMQEAAAwCoNm/9Cr4Cw3IjYmwsLCwsLCwsLCwsLCwsLCwsLCwsLCwsLCwsLCwsLCwsLCwsLCwsLCwsLCwsLCwsLCwsLCwsLCwsLCwsLCwsLCwsLCwsLCwsLCwsLCwsLCwsLCwsLCwsLCwsLCwsLCwsLCwsLCwsLCwsLCwsLCwsHDrASUpAHnJhbktAAAAAElFTkSuQmCC"
"XIAOMI REDMI NOTE 8 PRO 6/64GB GARANSI RESMI TAM","Rp2.599.000","5","Acoyphonecell","data:image/png;base64,iVBORw0KGgoAAAANSUhEUgAAAHgAAAB4CAQAAACTbf5ZAAAAiklEQVR42u3PMQEAAAwCoNm/9Cr4Cw3IjYmwsLCwsLCwsLCwsLCwsLCwsLCwsLCwsLCwsLCwsLCwsLCwsLCwsLCwsLCwsLCwsLCwsLCwsLCwsLCwsLCwsLCwsLCwsLCwsLCwsLCwsLCwsLCwsLCwsLCwsLCwsLCwsLCwsLCwsLCwsLCwsLCwsHDrASUpAHnJhbktAAAAAElFTkSuQmCC"
"Nokia 6300 Handphone Hp Nokia Jadul 6300","Rp498.000","5","Al 27 Store.id","data:image/png;base64,iVBORw0KGgoAAAANSUhEUgAAAHgAAAB4CAQAAACTbf5ZAAAAiklEQVR42u3PMQEAAAwCoNm/9Cr4Cw3IjYmwsLCwsLCwsLCwsLCwsLCwsLCwsLCwsLCwsLCwsLCwsLCwsLCwsLCwsLCwsLCwsLCwsLCwsLCwsLCwsLCwsLCwsLCwsLCwsLCwsLCwsLCwsLCwsLCwsLCwsLCwsLCwsLCwsLCwsLCwsLCwsLCwsHDrASUpAHnJhbktAAAAAElFTkSuQmCC"
"SAMSUNG S21 ULTRA 5G ram 12/256GB - GARANSI RESMI SEIN","Rp12.900.000","5","MJ 18 PHONE","data:image/png;base64,iVBORw0KGgoAAAANSUhEUgAAAHgAAAB4CAQAAACTbf5ZAAAAiklEQVR42u3PMQEAAAwCoNm/9Cr4Cw3IjYmwsLCwsLCwsLCwsLCwsLCwsLCwsLCwsLCwsLCwsLCwsLCwsLCwsLCwsLCwsLCwsLCwsLCwsLCwsLCwsLCwsLCwsLCwsLCwsLCwsLCwsLCwsLCwsLCwsLCwsLCwsLCwsLCwsLCwsLCwsLCwsLCwsHDrASUpAHnJhbktAAAAAElFTkSuQmCC"
"realme x3 superzoom 12/256","Rp6.500.000","5","HN Store 2003","data:image/png;base64,iVBORw0KGgoAAAANSUhEUgAAAHgAAAB4CAQAAACTbf5ZAAAAiklEQVR42u3PMQEAAAwCoNm/9Cr4Cw3IjYmwsLCwsLCwsLCwsLCwsLCwsLCwsLCwsLCwsLCwsLCwsLCwsLCwsLCwsLCwsLCwsLCwsLCwsLCwsLCwsLCwsLCwsLCwsLCwsLCwsLCwsLCwsLCwsLCwsLCwsLCwsLCwsLCwsLCwsLCwsLCwsLCwsHDrASUpAHnJhbktAAAAAElFTkSuQmCC"
"Oppo a54 ram 6/128 blue","Rp2.650.000","5","barokahphone08","data:image/png;base64,iVBORw0KGgoAAAANSUhEUgAAAHgAAAB4CAQAAACTbf5ZAAAAiklEQVR42u3PMQEAAAwCoNm/9Cr4Cw3IjYmwsLCwsLCwsLCwsLCwsLCwsLCwsLCwsLCwsLCwsLCwsLCwsLCwsLCwsLCwsLCwsLCwsLCwsLCwsLCwsLCwsLCwsLCwsLCwsLCwsLCwsLCwsLCwsLCwsLCwsLCwsLCwsLCwsLCwsLCwsLCwsLCwsHDrASUpAHnJhbktAAAAAElFTkSuQmCC"
"Samsung Galaxy Note 10 Plus 12GB/256GB Garansi Resmi Sein 1 Tahun","Rp8.999.000","5","Fat-ON-ah","data:image/png;base64,iVBORw0KGgoAAAANSUhEUgAAAHgAAAB4CAQAAACTbf5ZAAAAiklEQVR42u3PMQEAAAwCoNm/9Cr4Cw3IjYmwsLCwsLCwsLCwsLCwsLCwsLCwsLCwsLCwsLCwsLCwsLCwsLCwsLCwsLCwsLCwsLCwsLCwsLCwsLCwsLCwsLCwsLCwsLCwsLCwsLCwsLCwsLCwsLCwsLCwsLCwsLCwsLCwsLCwsLCwsLCwsLCwsHDrASUpAHnJhbktAAAAAElFTkSuQmCC"
"Xiaomi Poco M3 Pro 5G 6/128 RAM 6GB ROM 128GB NEW GARANSI RESMI","Rp2.809.000","5","AqeelaCell","data:image/png;base64,iVBORw0KGgoAAAANSUhEUgAAAHgAAAB4CAQAAACTbf5ZAAAAiklEQVR42u3PMQEAAAwCoNm/9Cr4Cw3IjYmwsLCwsLCwsLCwsLCwsLCwsLCwsLCwsLCwsLCwsLCwsLCwsLCwsLCwsLCwsLCwsLCwsLCwsLCwsLCwsLCwsLCwsLCwsLCwsLCwsLCwsLCwsLCwsLCwsLCwsLCwsLCwsLCwsLCwsLCwsLCwsLCwsHDrASUpAHnJhbktAAAAAElFTkSuQmCC"
"IPhone Xr 64gb second fullset Ex inter","Rp3.950.000","5","Apple Bites","data:image/png;base64,iVBORw0KGgoAAAANSUhEUgAAAHgAAAB4CAQAAACTbf5ZAAAAiklEQVR42u3PMQEAAAwCoNm/9Cr4Cw3IjYmwsLCwsLCwsLCwsLCwsLCwsLCwsLCwsLCwsLCwsLCwsLCwsLCwsLCwsLCwsLCwsLCwsLCwsLCwsLCwsLCwsLCwsLCwsLCwsLCwsLCwsLCwsLCwsLCwsLCwsLCwsLCwsLCwsLCwsLCwsLCwsLCwsHDrASUpAHnJhbktAAAAAElFTkSuQmCC"
"Samsung A72 RAM 8GB/128GB MULUS FULLSET","Rp4.095.000","5","Wijaya_Samsung","data:image/png;base64,iVBORw0KGgoAAAANSUhEUgAAAHgAAAB4CAQAAACTbf5ZAAAAiklEQVR42u3PMQEAAAwCoNm/9Cr4Cw3IjYmwsLCwsLCwsLCwsLCwsLCwsLCwsLCwsLCwsLCwsLCwsLCwsLCwsLCwsLCwsLCwsLCwsLCwsLCwsLCwsLCwsLCwsLCwsLCwsLCwsLCwsLCwsLCwsLCwsLCwsLCwsLCwsLCwsLCwsLCwsLCwsLCwsHDrASUpAHnJhbktAAAAAElFTkSuQmCC"
"Handphone 4G second murah Samsung Galaxy J1 mini prime / J105","Rp350.000","5","Obral HP second","data:image/png;base64,iVBORw0KGgoAAAANSUhEUgAAAHgAAAB4CAQAAACTbf5ZAAAAiklEQVR42u3PMQEAAAwCoNm/9Cr4Cw3IjYmwsLCwsLCwsLCwsLCwsLCwsLCwsLCwsLCwsLCwsLCwsLCwsLCwsLCwsLCwsLCwsLCwsLCwsLCwsLCwsLCwsLCwsLCwsLCwsLCwsLCwsLCwsLCwsLCwsLCwsLCwsLCwsLCwsLCwsLCwsLCwsLCwsHDrASUpAHnJhbktAAAAAElFTkSuQmCC"
"IPHONE 11 PRO MAX 3G ULTIMATE FS 6.5"" HDC REPLIKA","Rp1.400.000","5","Wtstore","data:image/png;base64,iVBORw0KGgoAAAANSUhEUgAAAHgAAAB4CAQAAACTbf5ZAAAAiklEQVR42u3PMQEAAAwCoNm/9Cr4Cw3IjYmwsLCwsLCwsLCwsLCwsLCwsLCwsLCwsLCwsLCwsLCwsLCwsLCwsLCwsLCwsLCwsLCwsLCwsLCwsLCwsLCwsLCwsLCwsLCwsLCwsLCwsLCwsLCwsLCwsLCwsLCwsLCwsLCwsLCwsLCwsLCwsLCwsHDrASUpAHnJhbktAAAAAElFTkSuQmCC"
"Redmi Note 10s 8/128 New Resmi Tam","Rp2.799.500","5","NAKULA 76 STORE","data:image/png;base64,iVBORw0KGgoAAAANSUhEUgAAAHgAAAB4CAQAAACTbf5ZAAAAiklEQVR42u3PMQEAAAwCoNm/9Cr4Cw3IjYmwsLCwsLCwsLCwsLCwsLCwsLCwsLCwsLCwsLCwsLCwsLCwsLCwsLCwsLCwsLCwsLCwsLCwsLCwsLCwsLCwsLCwsLCwsLCwsLCwsLCwsLCwsLCwsLCwsLCwsLCwsLCwsLCwsLCwsLCwsLCwsLCwsHDrASUpAHnJhbktAAAAAElFTkSuQmCC"
"Xiaomi Redmi Note 10S 8/128GB & 6/64GB Garansi Resmi","Rp2.499.000","5","DIAN ABYAKTA","data:image/png;base64,iVBORw0KGgoAAAANSUhEUgAAAHgAAAB4CAQAAACTbf5ZAAAAiklEQVR42u3PMQEAAAwCoNm/9Cr4Cw3IjYmwsLCwsLCwsLCwsLCwsLCwsLCwsLCwsLCwsLCwsLCwsLCwsLCwsLCwsLCwsLCwsLCwsLCwsLCwsLCwsLCwsLCwsLCwsLCwsLCwsLCwsLCwsLCwsLCwsLCwsLCwsLCwsLCwsLCwsLCwsLCwsLCwsHDrASUpAHnJhbktAAAAAElFTkSuQmCC"
"HANDPHONE NOKIA 3 FITUR NFC NOKIA HP DILENGKAP NFC GARANSI RESMI NOKIA","Rp998.000","5","IDM CELLULAR","data:image/png;base64,iVBORw0KGgoAAAANSUhEUgAAAHgAAAB4CAQAAACTbf5ZAAAAiklEQVR42u3PMQEAAAwCoNm/9Cr4Cw3IjYmwsLCwsLCwsLCwsLCwsLCwsLCwsLCwsLCwsLCwsLCwsLCwsLCwsLCwsLCwsLCwsLCwsLCwsLCwsLCwsLCwsLCwsLCwsLCwsLCwsLCwsLCwsLCwsLCwsLCwsLCwsLCwsLCwsLCwsLCwsLCwsLCwsHDrASUpAHnJhbktAAAAAElFTkSuQmCC"
"XIAOMI POCO F3 8/256 GARANSI RESMI XIAOMI BARU SEGEL NO REPACK","Rp5.099.000","5","Togahbangunkarya","data:image/png;base64,iVBORw0KGgoAAAANSUhEUgAAAHgAAAB4CAQAAACTbf5ZAAAAiklEQVR42u3PMQEAAAwCoNm/9Cr4Cw3IjYmwsLCwsLCwsLCwsLCwsLCwsLCwsLCwsLCwsLCwsLCwsLCwsLCwsLCwsLCwsLCwsLCwsLCwsLCwsLCwsLCwsLCwsLCwsLCwsLCwsLCwsLCwsLCwsLCwsLCwsLCwsLCwsLCwsLCwsLCwsLCwsLCwsHDrASUpAHnJhbktAAAAAElFTkSuQmCC"
"Samsung galaxy S20 FE 8/128gb garansi resmi HP second mulus","Rp4.600.000","5","ASBUL GADGET STORE","data:image/png;base64,iVBORw0KGgoAAAANSUhEUgAAAHgAAAB4CAQAAACTbf5ZAAAAiklEQVR42u3PMQEAAAwCoNm/9Cr4Cw3IjYmwsLCwsLCwsLCwsLCwsLCwsLCwsLCwsLCwsLCwsLCwsLCwsLCwsLCwsLCwsLCwsLCwsLCwsLCwsLCwsLCwsLCwsLCwsLCwsLCwsLCwsLCwsLCwsLCwsLCwsLCwsLCwsLCwsLCwsLCwsLCwsLCwsHDrASUpAHnJhbktAAAAAElFTkSuQmCC"
"Redmi 9C 3/32 Garansi Resmi No Repacking","Rp1.420.000","5","Ganisastore","data:image/png;base64,iVBORw0KGgoAAAANSUhEUgAAAHgAAAB4CAQAAACTbf5ZAAAAiklEQVR42u3PMQEAAAwCoNm/9Cr4Cw3IjYmwsLCwsLCwsLCwsLCwsLCwsLCwsLCwsLCwsLCwsLCwsLCwsLCwsLCwsLCwsLCwsLCwsLCwsLCwsLCwsLCwsLCwsLCwsLCwsLCwsLCwsLCwsLCwsLCwsLCwsLCwsLCwsLCwsLCwsLCwsLCwsLCwsHDrASUpAHnJhbktAAAAAElFTkSuQmCC"
"Xiaomi Redmi 10c 4/64 GB Garansi Resmi","Rp1.810.000","5","Gudang-HP","data:image/png;base64,iVBORw0KGgoAAAANSUhEUgAAAHgAAAB4CAQAAACTbf5ZAAAAiklEQVR42u3PMQEAAAwCoNm/9Cr4Cw3IjYmwsLCwsLCwsLCwsLCwsLCwsLCwsLCwsLCwsLCwsLCwsLCwsLCwsLCwsLCwsLCwsLCwsLCwsLCwsLCwsLCwsLCwsLCwsLCwsLCwsLCwsLCwsLCwsLCwsLCwsLCwsLCwsLCwsLCwsLCwsLCwsLCwsHDrASUpAHnJhbktAAAAAElFTkSuQmCC"
"Xiaomi Official Redmi 9C 3/32GB Smartphone","Rp1.498.000","5","Xiaomi Official Store","data:image/png;base64,iVBORw0KGgoAAAANSUhEUgAAAHgAAAB4CAQAAACTbf5ZAAAAiklEQVR42u3PMQEAAAwCoNm/9Cr4Cw3IjYmwsLCwsLCwsLCwsLCwsLCwsLCwsLCwsLCwsLCwsLCwsLCwsLCwsLCwsLCwsLCwsLCwsLCwsLCwsLCwsLCwsLCwsLCwsLCwsLCwsLCwsLCwsLCwsLCwsLCwsLCwsLCwsLCwsLCwsLCwsLCwsLCwsHDrASUpAHnJhbktAAAAAElFTkSuQmCC"
"Oppo A53 Ram 6/128 Garansi Resmi","Rp2.499.000","5","Wintie_Phone","data:image/png;base64,iVBORw0KGgoAAAANSUhEUgAAAHgAAAB4CAQAAACTbf5ZAAAAiklEQVR42u3PMQEAAAwCoNm/9Cr4Cw3IjYmwsLCwsLCwsLCwsLCwsLCwsLCwsLCwsLCwsLCwsLCwsLCwsLCwsLCwsLCwsLCwsLCwsLCwsLCwsLCwsLCwsLCwsLCwsLCwsLCwsLCwsLCwsLCwsLCwsLCwsLCwsLCwsLCwsLCwsLCwsLCwsLCwsHDrASUpAHnJhbktAAAAAElFTkSuQmCC"
"samsung s21 ultra 5G resmi sein","Rp10.700.000","5","Gadget_Fight","data:image/png;base64,iVBORw0KGgoAAAANSUhEUgAAAHgAAAB4CAQAAACTbf5ZAAAAiklEQVR42u3PMQEAAAwCoNm/9Cr4Cw3IjYmwsLCwsLCwsLCwsLCwsLCwsLCwsLCwsLCwsLCwsLCwsLCwsLCwsLCwsLCwsLCwsLCwsLCwsLCwsLCwsLCwsLCwsLCwsLCwsLCwsLCwsLCwsLCwsLCwsLCwsLCwsLCwsLCwsLCwsLCwsLCwsLCwsHDrASUpAHnJhbktAAAAAElFTkSuQmCC"
"VIVO Y21S NEW 5/128GB GARANSI RESMI","Rp2.395.000","5","Seon128","data:image/png;base64,iVBORw0KGgoAAAANSUhEUgAAAHgAAAB4CAQAAACTbf5ZAAAAiklEQVR42u3PMQEAAAwCoNm/9Cr4Cw3IjYmwsLCwsLCwsLCwsLCwsLCwsLCwsLCwsLCwsLCwsLCwsLCwsLCwsLCwsLCwsLCwsLCwsLCwsLCwsLCwsLCwsLCwsLCwsLCwsLCwsLCwsLCwsLCwsLCwsLCwsLCwsLCwsLCwsLCwsLCwsLCwsLCwsHDrASUpAHnJhbktAAAAAElFTkSuQmCC"
"Samsung Galaxy Note 8 Resmi SEIN Fullset Original","Rp2.350.000","5","Cahaya Forsok Cellular","data:image/png;base64,iVBORw0KGgoAAAANSUhEUgAAAHgAAAB4CAQAAACTbf5ZAAAAiklEQVR42u3PMQEAAAwCoNm/9Cr4Cw3IjYmwsLCwsLCwsLCwsLCwsLCwsLCwsLCwsLCwsLCwsLCwsLCwsLCwsLCwsLCwsLCwsLCwsLCwsLCwsLCwsLCwsLCwsLCwsLCwsLCwsLCwsLCwsLCwsLCwsLCwsLCwsLCwsLCwsLCwsLCwsLCwsLCwsHDrASUpAHnJhbktAAAAAElFTkSuQmCC"
"SAMSUNG NOTE 8 6/64gb FULSET OKk","Rp3.150.000","5","Jon Jon Phone","data:image/png;base64,iVBORw0KGgoAAAANSUhEUgAAAHgAAAB4CAQAAACTbf5ZAAAAiklEQVR42u3PMQEAAAwCoNm/9Cr4Cw3IjYmwsLCwsLCwsLCwsLCwsLCwsLCwsLCwsLCwsLCwsLCwsLCwsLCwsLCwsLCwsLCwsLCwsLCwsLCwsLCwsLCwsLCwsLCwsLCwsLCwsLCwsLCwsLCwsLCwsLCwsLCwsLCwsLCwsLCwsLCwsLCwsLCwsHDrASUpAHnJhbktAAAAAElFTkSuQmCC"
"Samsung A52 8/128GB Garansi Resmi","Rp4.280.000","5","RR Numero Uno","data:image/png;base64,iVBORw0KGgoAAAANSUhEUgAAAHgAAAB4CAQAAACTbf5ZAAAAiklEQVR42u3PMQEAAAwCoNm/9Cr4Cw3IjYmwsLCwsLCwsLCwsLCwsLCwsLCwsLCwsLCwsLCwsLCwsLCwsLCwsLCwsLCwsLCwsLCwsLCwsLCwsLCwsLCwsLCwsLCwsLCwsLCwsLCwsLCwsLCwsLCwsLCwsLCwsLCwsLCwsLCwsLCwsLCwsLCwsHDrASUpAHnJhbktAAAAAElFTkSuQmCC"
"Vivo V20 2021 8/128gb second full set","Rp2.749.000","5","Queen Cellshop","data:image/png;base64,iVBORw0KGgoAAAANSUhEUgAAAHgAAAB4CAQAAACTbf5ZAAAAiklEQVR42u3PMQEAAAwCoNm/9Cr4Cw3IjYmwsLCwsLCwsLCwsLCwsLCwsLCwsLCwsLCwsLCwsLCwsLCwsLCwsLCwsLCwsLCwsLCwsLCwsLCwsLCwsLCwsLCwsLCwsLCwsLCwsLCwsLCwsLCwsLCwsLCwsLCwsLCwsLCwsLCwsLCwsLCwsLCwsHDrASUpAHnJhbktAAAAAElFTkSuQmCC"
"Hp Xiaomi Mi 9 8/128GB fullset mulus","Rp3.400.000","5","pho pho cell","data:image/png;base64,iVBORw0KGgoAAAANSUhEUgAAAHgAAAB4CAQAAACTbf5ZAAAAiklEQVR42u3PMQEAAAwCoNm/9Cr4Cw3IjYmwsLCwsLCwsLCwsLCwsLCwsLCwsLCwsLCwsLCwsLCwsLCwsLCwsLCwsLCwsLCwsLCwsLCwsLCwsLCwsLCwsLCwsLCwsLCwsLCwsLCwsLCwsLCwsLCwsLCwsLCwsLCwsLCwsLCwsLCwsLCwsLCwsHDrASUpAHnJhbktAAAAAElFTkSuQmCC"
"Oppo Reno 5 5G 8/128 GB Ex Resmi Oppo Second Bekas Seken Original Good","Rp3.390.000","5","VstoreINDO","data:image/png;base64,iVBORw0KGgoAAAANSUhEUgAAAHgAAAB4CAQAAACTbf5ZAAAAiklEQVR42u3PMQEAAAwCoNm/9Cr4Cw3IjYmwsLCwsLCwsLCwsLCwsLCwsLCwsLCwsLCwsLCwsLCwsLCwsLCwsLCwsLCwsLCwsLCwsLCwsLCwsLCwsLCwsLCwsLCwsLCwsLCwsLCwsLCwsLCwsLCwsLCwsLCwsLCwsLCwsLCwsLCwsLCwsLCwsHDrASUpAHnJhbktAAAAAElFTkSuQmCC"
"IPhone 11 Pro - 64 GB | 256 GB |512 GB Mulus Fullset","Rp7.050.000","5","As Gadget Store","data:image/png;base64,iVBORw0KGgoAAAANSUhEUgAAAHgAAAB4CAQAAACTbf5ZAAAAiklEQVR42u3PMQEAAAwCoNm/9Cr4Cw3IjYmwsLCwsLCwsLCwsLCwsLCwsLCwsLCwsLCwsLCwsLCwsLCwsLCwsLCwsLCwsLCwsLCwsLCwsLCwsLCwsLCwsLCwsLCwsLCwsLCwsLCwsLCwsLCwsLCwsLCwsLCwsLCwsLCwsLCwsLCwsLCwsLCwsHDrASUpAHnJhbktAAAAAElFTkSuQmCC"
"samsung galaxy A71 ram 8gb internal 128gb resmi indonesia mantap","Rp2.950.000","5","RA store ( Ra store )","data:image/png;base64,iVBORw0KGgoAAAANSUhEUgAAAHgAAAB4CAQAAACTbf5ZAAAAiklEQVR42u3PMQEAAAwCoNm/9Cr4Cw3IjYmwsLCwsLCwsLCwsLCwsLCwsLCwsLCwsLCwsLCwsLCwsLCwsLCwsLCwsLCwsLCwsLCwsLCwsLCwsLCwsLCwsLCwsLCwsLCwsLCwsLCwsLCwsLCwsLCwsLCwsLCwsLCwsLCwsLCwsLCwsLCwsLCwsHDrASUpAHnJhbktAAAAAElFTkSuQmCC"
"Samsung M12 4/64","Rp1.650.000","5","devandzcell04","data:image/png;base64,iVBORw0KGgoAAAANSUhEUgAAAHgAAAB4CAQAAACTbf5ZAAAAiklEQVR42u3PMQEAAAwCoNm/9Cr4Cw3IjYmwsLCwsLCwsLCwsLCwsLCwsLCwsLCwsLCwsLCwsLCwsLCwsLCwsLCwsLCwsLCwsLCwsLCwsLCwsLCwsLCwsLCwsLCwsLCwsLCwsLCwsLCwsLCwsLCwsLCwsLCwsLCwsLCwsLCwsLCwsLCwsLCwsHDrASUpAHnJhbktAAAAAElFTkSuQmCC"
"Samsung Note FE Fan Edition 4/64 GB Ex Sein Indonesia Second Bekas Ori","Rp2.290.000","5","VstoreINDO","data:image/png;base64,iVBORw0KGgoAAAANSUhEUgAAAHgAAAB4CAQAAACTbf5ZAAAAiklEQVR42u3PMQEAAAwCoNm/9Cr4Cw3IjYmwsLCwsLCwsLCwsLCwsLCwsLCwsLCwsLCwsLCwsLCwsLCwsLCwsLCwsLCwsLCwsLCwsLCwsLCwsLCwsLCwsLCwsLCwsLCwsLCwsLCwsLCwsLCwsLCwsLCwsLCwsLCwsLCwsLCwsLCwsLCwsLCwsHDrASUpAHnJhbktAAAAAElFTkSuQmCC"
"Samsung GALAXY S20 12gb / 128gb Fullset SECOND ORIGINAL","Rp4.790.000","5","Pisces Phone Shop","data:image/png;base64,iVBORw0KGgoAAAANSUhEUgAAAHgAAAB4CAQAAACTbf5ZAAAAiklEQVR42u3PMQEAAAwCoNm/9Cr4Cw3IjYmwsLCwsLCwsLCwsLCwsLCwsLCwsLCwsLCwsLCwsLCwsLCwsLCwsLCwsLCwsLCwsLCwsLCwsLCwsLCwsLCwsLCwsLCwsLCwsLCwsLCwsLCwsLCwsLCwsLCwsLCwsLCwsLCwsLCwsLCwsLCwsLCwsHDrASUpAHnJhbktAAAAAElFTkSuQmCC"
"iPhone 12 64 GB Ex iBox Resmi Indonesia Second Bekas Seken Asli","Rp9.790.000","5","VstoreINDO","data:image/png;base64,iVBORw0KGgoAAAANSUhEUgAAAHgAAAB4CAQAAACTbf5ZAAAAiklEQVR42u3PMQEAAAwCoNm/9Cr4Cw3IjYmwsLCwsLCwsLCwsLCwsLCwsLCwsLCwsLCwsLCwsLCwsLCwsLCwsLCwsLCwsLCwsLCwsLCwsLCwsLCwsLCwsLCwsLCwsLCwsLCwsLCwsLCwsLCwsLCwsLCwsLCwsLCwsLCwsLCwsLCwsLCwsLCwsHDrASUpAHnJhbktAAAAAElFTkSuQmCC"
"Redmi Note 8 4/64 Resmi","Rp2.699.000","5","Wakikiw shop","data:image/png;base64,iVBORw0KGgoAAAANSUhEUgAAAHgAAAB4CAQAAACTbf5ZAAAAiklEQVR42u3PMQEAAAwCoNm/9Cr4Cw3IjYmwsLCwsLCwsLCwsLCwsLCwsLCwsLCwsLCwsLCwsLCwsLCwsLCwsLCwsLCwsLCwsLCwsLCwsLCwsLCwsLCwsLCwsLCwsLCwsLCwsLCwsLCwsLCwsLCwsLCwsLCwsLCwsLCwsLCwsLCwsLCwsLCwsHDrASUpAHnJhbktAAAAAElFTkSuQmCC"
"REDMI 9A 2GB/32GB","Rp1.199.000","5","fannisa stores","data:image/png;base64,iVBORw0KGgoAAAANSUhEUgAAAHgAAAB4CAQAAACTbf5ZAAAAiklEQVR42u3PMQEAAAwCoNm/9Cr4Cw3IjYmwsLCwsLCwsLCwsLCwsLCwsLCwsLCwsLCwsLCwsLCwsLCwsLCwsLCwsLCwsLCwsLCwsLCwsLCwsLCwsLCwsLCwsLCwsLCwsLCwsLCwsLCwsLCwsLCwsLCwsLCwsLCwsLCwsLCwsLCwsLCwsLCwsHDrASUpAHnJhbktAAAAAElFTkSuQmCC"
"HP XIAOMI REDMI GO GARANSI TAM - REDMI GO RAM 1GB INTERNAL 8GB","Rp1.199.000","5","WAHANA ACCESSORIES","data:image/png;base64,iVBORw0KGgoAAAANSUhEUgAAAHgAAAB4CAQAAACTbf5ZAAAAiklEQVR42u3PMQEAAAwCoNm/9Cr4Cw3IjYmwsLCwsLCwsLCwsLCwsLCwsLCwsLCwsLCwsLCwsLCwsLCwsLCwsLCwsLCwsLCwsLCwsLCwsLCwsLCwsLCwsLCwsLCwsLCwsLCwsLCwsLCwsLCwsLCwsLCwsLCwsLCwsLCwsLCwsLCwsLCwsLCwsHDrASUpAHnJhbktAAAAAElFTkSuQmCC"
"iPhone 11 Pro Max 512GB Bekas Original 100% Fullset Mulus","Rp10.000.000","5","QQ store168","data:image/png;base64,iVBORw0KGgoAAAANSUhEUgAAAHgAAAB4CAQAAACTbf5ZAAAAiklEQVR42u3PMQEAAAwCoNm/9Cr4Cw3IjYmwsLCwsLCwsLCwsLCwsLCwsLCwsLCwsLCwsLCwsLCwsLCwsLCwsLCwsLCwsLCwsLCwsLCwsLCwsLCwsLCwsLCwsLCwsLCwsLCwsLCwsLCwsLCwsLCwsLCwsLCwsLCwsLCwsLCwsLCwsLCwsLCwsHDrASUpAHnJhbktAAAAAElFTkSuQmCC"
"SAMSUNG GALAXY A32 6/128 gb second","Rp2.700.000","5","Elektroniksecondmurah","data:image/png;base64,iVBORw0KGgoAAAANSUhEUgAAAHgAAAB4CAQAAACTbf5ZAAAAiklEQVR42u3PMQEAAAwCoNm/9Cr4Cw3IjYmwsLCwsLCwsLCwsLCwsLCwsLCwsLCwsLCwsLCwsLCwsLCwsLCwsLCwsLCwsLCwsLCwsLCwsLCwsLCwsLCwsLCwsLCwsLCwsLCwsLCwsLCwsLCwsLCwsLCwsLCwsLCwsLCwsLCwsLCwsLCwsLCwsHDrASUpAHnJhbktAAAAAElFTkSuQmCC"
"OPPO RENO 3 RAM 8/128 GB GARANSI RESMI OPPO INDONESIA","Rp2.629.000","5","HERO PONSEL.","data:image/png;base64,iVBORw0KGgoAAAANSUhEUgAAAHgAAAB4CAQAAACTbf5ZAAAAiklEQVR42u3PMQEAAAwCoNm/9Cr4Cw3IjYmwsLCwsLCwsLCwsLCwsLCwsLCwsLCwsLCwsLCwsLCwsLCwsLCwsLCwsLCwsLCwsLCwsLCwsLCwsLCwsLCwsLCwsLCwsLCwsLCwsLCwsLCwsLCwsLCwsLCwsLCwsLCwsLCwsLCwsLCwsLCwsLCwsHDrASUpAHnJhbktAAAAAElFTkSuQmCC"
"hp Poco 6/128GB fullset mulus net","Rp1.999.000","5","pho pho cell","data:image/png;base64,iVBORw0KGgoAAAANSUhEUgAAAHgAAAB4CAQAAACTbf5ZAAAAiklEQVR42u3PMQEAAAwCoNm/9Cr4Cw3IjYmwsLCwsLCwsLCwsLCwsLCwsLCwsLCwsLCwsLCwsLCwsLCwsLCwsLCwsLCwsLCwsLCwsLCwsLCwsLCwsLCwsLCwsLCwsLCwsLCwsLCwsLCwsLCwsLCwsLCwsLCwsLCwsLCwsLCwsLCwsLCwsLCwsHDrASUpAHnJhbktAAAAAElFTkSuQmCC"
"ALDO S11 RAM 1/16 - 2/16 GB JARINGAN 4G","Rp500.000","5","angel 19","data:image/png;base64,iVBORw0KGgoAAAANSUhEUgAAAHgAAAB4CAQAAACTbf5ZAAAAiklEQVR42u3PMQEAAAwCoNm/9Cr4Cw3IjYmwsLCwsLCwsLCwsLCwsLCwsLCwsLCwsLCwsLCwsLCwsLCwsLCwsLCwsLCwsLCwsLCwsLCwsLCwsLCwsLCwsLCwsLCwsLCwsLCwsLCwsLCwsLCwsLCwsLCwsLCwsLCwsLCwsLCwsLCwsLCwsLCwsHDrASUpAHnJhbktAAAAAElFTkSuQmCC"
"Samsung A03 4/64 RAM 4GB Internal 64GB Garansi Resmi Samsung Indonesia","Rp1.687.000","5","SFONE OMNI STORE","data:image/png;base64,iVBORw0KGgoAAAANSUhEUgAAAHgAAAB4CAQAAACTbf5ZAAAAiklEQVR42u3PMQEAAAwCoNm/9Cr4Cw3IjYmwsLCwsLCwsLCwsLCwsLCwsLCwsLCwsLCwsLCwsLCwsLCwsLCwsLCwsLCwsLCwsLCwsLCwsLCwsLCwsLCwsLCwsLCwsLCwsLCwsLCwsLCwsLCwsLCwsLCwsLCwsLCwsLCwsLCwsLCwsLCwsLCwsHDrASUpAHnJhbktAAAAAElFTkSuQmCC"
"Samsung Galaxy S10 Lite 8/128GB SEIN","Rp3.950.000","5","Tokoacoy","data:image/png;base64,iVBORw0KGgoAAAANSUhEUgAAAHgAAAB4CAQAAACTbf5ZAAAAiklEQVR42u3PMQEAAAwCoNm/9Cr4Cw3IjYmwsLCwsLCwsLCwsLCwsLCwsLCwsLCwsLCwsLCwsLCwsLCwsLCwsLCwsLCwsLCwsLCwsLCwsLCwsLCwsLCwsLCwsLCwsLCwsLCwsLCwsLCwsLCwsLCwsLCwsLCwsLCwsLCwsLCwsLCwsLCwsLCwsHDrASUpAHnJhbktAAAAAElFTkSuQmCC"
"Samsung Galaxy A02S 4/64 Garansi Resmi","Rp1.645.000","5","PETruck Juara Mart","data:image/png;base64,iVBORw0KGgoAAAANSUhEUgAAAHgAAAB4CAQAAACTbf5ZAAAAiklEQVR42u3PMQEAAAwCoNm/9Cr4Cw3IjYmwsLCwsLCwsLCwsLCwsLCwsLCwsLCwsLCwsLCwsLCwsLCwsLCwsLCwsLCwsLCwsLCwsLCwsLCwsLCwsLCwsLCwsLCwsLCwsLCwsLCwsLCwsLCwsLCwsLCwsLCwsLCwsLCwsLCwsLCwsLCwsLCwsHDrASUpAHnJhbktAAAAAElFTkSuQmCC"
